id_protein;seq;weight;isoelectric point;aromaticity;instability index
P30613;MSIQENISSLQLRSWVSKSQRDLAKSILIGAPGGPAGYLRRASVAQLTQELGTAFFQQQQLPAAMADTFLEHLCLLDIDSEPVAARSTSIIATIGPASRSVERLKEMIKAGMNIARLNFSHGSHEYHAESIANVREAVESFAGSPLSYRPVAIALDTKGPEIRTGILQGGPESEVELVKGSQVLVTVDPAFRTRGNANTVWVDYPNIVRVVPVGGRIYIDDGLISLVVQKIGPEGLVTQVENGGVLGSRKGVNLPGAQVDLPGLSEQDVRDLRFGVEHGVDIVFASFVRKASDVAAVRAALGPEGHGIKIISKIENHEGVKRFDEILEVSDGIMVARGDLGIEIPAEKVFLAQKMMIGRCNLAGKPVVCATQMLESMITKPRPTRAETSDVANAVLDGADCIMLSGETAKGNFPVEAVKMQHAIAREAEAAVYHRQLFEELRRAAPLSRDPTEVTAIGAVEAAFKCCAAAIIVLTTTGRSAQLLSRYRPRAAVIAVTRSAQAARQVHLCRGVFPLLYREPPEAIWADDVDRRVQFGIESGKLRGFLRVGDLVIVVTGWRPGSGYTNIMRVLSIS;61829.4333;7.64581298828;0.0522648083624;36.9073170732
Q5MIZ7;MSDTRRRVKVYTLNEDRQWDDRGTGHVSSTYVEELKGMSLLVRAESDGSLLLESKINPNTAYQKQQDTLIVWSEAENYDLALSFQEKAGCDEIWEKICQVQGKDPSVEVTQDLIDESEEERFEEMPETSHLIDLPTCELNKLEEIADLVTSVLSSPIRREKLALALENEGYIKKLLQLFQACENLENTEGLHHLYEIIRGILFLNKATLFEVMFSDECIMDVVGCLEYDPALAQPKRHREFLTKTAKFKEVIPITDSELRQKIHQTYRVQYIQDIILPTPSVFEENFLSTLTSFIFFNKVEIVSMLQEDEKFLSEVFAQLTDEATDDDKRRELVNFFKEFCAFSQTLQPQNRDAFFKTLAKLGILPALEIVMGMDDLQVRSAATDIFSYLVEFSPSMVREFVMQEAQQSDDDILLINVVIEQMICDTDPELGGAVQLMGLLRTLIDPENMLATTNKTEKSEFLNFFYNHCMHVLTAPLLTNTSEDKCEKDFFLKHYRYSWSFICTPSHSHSHSTPSSSISQDNIVGSNKNNTICPDNYQTAQLLALILELLTFCVEHHTYHIKNYIMNKDLLRRVLVLMNSKHTFLALCALRFMRRIIGLKDEFYNRYITKGNLFEPVINALLDNGTRYNLLNSAVIELFEFIRVEDIKSLTAHIVENFYKALESIEYVQTFKGLKTKYEQEKDRQNQKLNSVPSILRSNRFRRDAKALEEDEEMWFNEDEEEEGKAVVAPVEKPKPEDDFPDNYEKFMETKKAKESEDKENLPKRTSPGGFKFTFSHSASAANGTNSKSVVAQIPPATSNGSSSKTTNLPTSVTATKGSLVGLVDYPDDEEEDEEEESSPRKRPRLGS;97457.0994;4.87384033203;0.0883392226148;50.4416136631
A8MQY1;MMKGLIGYRFSPTGEEVINHYLKNKLLGKYWLVDEAISEINILSHKPSKDLPKLARIQSEDLEWYFFSPIEYTNPNKMKMKRTTGSGFWKPTGVDREIRDKRGNGVVIGIKKTLVYHEGKSPHGVRTPWVMHEYHITCLPHHKRKYVVCQVKYKGEAAEISYEPSPSLVSDSHTVIAITGEPEPELQVEQPGKENLLGMSVDDLIEPMNQQEEPQGPHLAPNDDEFIRGLRHVDRGTVEYLFANEENMDGLSMNDLRIPMIVQQEDLSEWEGFNADTFFSDNNNNYNLNVHHQLTPYGDGYLNAFSGYNEGNPPDHELVMQENRNDHMPRKPVTGTIDYSSDSGSDAGSISTTSYQGTSSPNISVGSSSRHLSSCSSTDSCKDLQTCTDPSIISREIRELTQEVKQEIPRAVDAPMNNESSLVKTEKKGLFIVEDAMERNRKKPRFIYLMKMIIGNIISVLLPVKRLIPVKKL;53597.9658;5.77923583984;0.0739957716702;48.7790697674
A8MQY8;MSSSRFLILCIILISFFPLHECENGKSVESNKAMKPVCMPVNCNNKDKKLTCACCIGANPRNRCYNSRSQCTADCKL;8593.1097;8.89923095703;0.0519480519481;69.8844155844
B1P123;MGHQAQHGTDDTEELLAAHRQLWCHALGYVKSMALKCALDLRIPDTIDRCGGSATLGELLAASEISASNHDYLRRVMRTLTAMRIFAASHDPAKADDAAAISYQLTPASRLLVSSSSSVDDAAGASKENTTTPSILPNIAHLVRPNTISLLFSMGEWMKDESAASVSLYETVHRQGMWACVEDDAANRASFYESMDADTRLVMQAVVRRCPHVFDGIKSLVDVGGGRGTAAAAVVAAFPHIQRCTVMDLPHVVAEAPAGTAGLSFHGGDMFEHIPSADALMLKWILHDWDEDKCIKIMERCKEAIGGKEAGGKVIIIDTVLGSRADDDDDDKTCRETYVLDLHILSFVNGAEREEHEWRRIFLAAGFRDYKITHTRGIPSIIEVFP;42130.3467;5.40533447266;0.0621761658031;31.8616839378
P40796;MAEVAETPSVEAQEEVAQPAEAQVLEAKNGDAKKDPAPAAEEAAGGFTKQERAIIRQVEYYFGDANLNRDKFLREQIGKNEDGWVPLSVLVTFKRLASLSTDLSEIVAALNKSEEGLVEISEDKLSLRRHPERPIPEHNEERRKEIQERTAYAKGFPLDSQISELLDFAANYDKVVNLTMRKHYDKPTKSYKFKGSIFLTFETKDQAKAFLEQEKIVYKERELLRKWQVDYLKEKQEEYAQKNEKRKNKKEAKPEPAFELPKNAIVVFEGAPETSSREEIREAFEKIKDFEVAYIEFAKGETKGSVRLTEADAAEKYIAKVEEGKLKFKDEVSLSLRKATEEEEKEFIDKAIEFMKKRRDFTRNKGKRFNRKRHGGNDHKHGGGKKARGD;44884.06;7.06817626953;0.0846153846154;51.2653846154
P40797;MNSPRSNAVNGGSGGAISALPSTLAQLALRDKQQAASASASSATNGSSGSESLVGVGGRPPNQPPSVPVAASGKLDTSGGGASNGDSNKLTHDLQEKEHQQAQKPQKPPLPVRQKPMEIAGYVGFANLPNQVYRKAVKRGFEFTLMVVGASGLGKSTLINSMFLSDIYNAEQYPGPSLRKKKTVAVEATKVMLKENGVNLTLTVVDTPGFGDAVDNSNCWVPILEYVDSKYEEYLTAESRVYRKTISDSRVHCCLYFIAPSGHGLLPLDIACMQSLSDKVNLVPVIAKADTMTPDEVHLFKKQILNEIAQHKIKIYDFPATLEDAAEEAKTTQNLRSRVPFAVVGANTIIEQDGKKVRGRRYPWGLVEVENLTHCDFIALRNMVIRTHLQDLKDVTNNVHYENYRCRKLSELGLVDGKARLSNKNPLTQMEEEKREHEQKMKKMEAEMEQVFDMKVKEKMQKLRDSELELARRHEERKKALELQIRELEEKRREFEREKKEWEDVNHVTLEELKRRSLGANSSTDNVDGKKEKKKKGLF;60142.7923;8.87823486328;0.0538033395176;43.8781076067
P40794;MSISTFNFQFYNYKLSPSSPGFGSTASRSSSSCISELEMDIDEDMSAQPTITSTPKPRFTSQLAVELAKTEPGNGISPLRPKLHTAQKRWSMELREKVLEMSKRNNGQEKPQTARQQEQRQPQEQPLQQEELQHQQQEPTVTDKINFFNKLTNTFESGFSKLMPQASSTNNRFIAMLRTARPQNVATTTANSSTANSFLGSDHSLSGSVTGQVPPPKPKRLSATTAQFATPHVPAMGVGKGGSQRKCSLRRKPSMDKSRATISRQSSSASVRTQNHAIMEDLSLVVPVRLRIAEYEQRISMSA;33565.3958;9.99798583984;0.0528052805281;65.6577887789
P40795;MSPPNCLLAVLALTVFIGANNALPITSRPIEGNVQRMVWEDWVNLDPEQRNLTKEKKITAKSIFTLPFRHCPQGHTLFNQLCIPQSNIDPTDLVKQELILAGGSNGSPPPPPIGDYDYGDDEESEEIVYDLSVIPTAMQDGLPPSVGTGDQALPSEDAPLKFNIFEKKFPTGTGEHEEMPLPPDMAAATYAKNISTTPETSTSITPTSTTTFAVPSVPSGEASNRIPGGVDLLAAPSDAFSTSTTLSMPTSNTTTTSNKDIGQVESIVLPADQEHDGLVHLVTSSLSDNDSDDSSTTLNGFNAEADLAQLLKVDAFWPVYDGSIELLPPLFSHRKVAPPLSADQDVKTKHAVDAAEKVGAELEEEVGEEEVTATDILPSEEDEYTTETATTTGDTTVAEASMDTSTATSTSGQSSPHPPEEPEIDERENRLVLIKSKVQPVQLTTTTSATATTAADVANSSSSTDRFHYQHFVEDESSTTTATPEPSSSTPGDPIEQSDMPASDNDNLMTNTIGGRGDDDDDGGHKATSEIHVQQELRLINELVKGKQRQQHQPQKQQLEPTSTEITSALTSTSTEDATTTTTTTTAYTNWSKVMPQLGQSTSETAATTETVATSGQVNEISLTATSASTEVKHFSITNRSYRNSKIIREDRLTVEPEGIVESAASTESAGTAATTPNSSSNPDGYTPLWWLPSIGWRLDRHLDGNGEDQSLLLRFFSTFRGSNTAATTR;78249.5556;4.35235595703;0.0479452054795;51.6849315068
P40792;MQAIKCVVVGDGAVGKTCLLISYTTNAFPGEYIPTVFDNYSANVMVDAKPINLGLWDTAGQEDYDRLRPLSYPQTDVFLICFSLVNPASFENVRAKWYPEVRHHCPSTPIILVGTKLDLRDDKNTIEKLRDKKLAPITYPQGLAMAKEIGAVKYLECSALTQKGLKTVFDEAIRSVLCPVLQPKSKRKCALL;21353.6878;8.62103271484;0.0833333333333;34.828125
P40793;MQTIKCVVVGDGAVGKTCLLISYTTNKFPSEYVPTVFDNYAVTVMIGGEPYTLGLFDTAGQEDYDRLRPLSYPQTDVFLVCFSVVSPSSFENVKEKWVPEITHHCQKTPFLLVGTQIDLRDENSTLEKLAKNKQKPITMEQGEKLAKELKAVKYVECSALTQKGLKNVFDEAILAALEPPEPTKKRKCKFL;21402.5485;6.73260498047;0.0890052356021;37.1465968586
P40791;MGRKKIQISRITDERNRQVTFNKRKFGVMKKAYELSVLCDCEIALIIFSSSNKLYQYASTDMDRVLLKYTEYNEPHESLTNKNIIEKENKNGVMSPDSPEAETDYTLTPRTEAKYNKIDEEFQNMMQRNQMAIGGAGAPRQLPNSSYTLPVSVPVPGSYGDNLLQASPQMSHTNISPRPSSSETDSGGMSLIIYPSGSMLEMSNGYPHSHSPLVGSPSPGPSPGIAHHLSIKQQSPGSQNGRASNLRVVIPPTIAPIPPNMSAPDDVGYADQRQSQTSLNTPVVTLQTPIPALTSYSFGAQDFSSSGVMNSADIMSLNTWHQGLVPHSSLSHLAVSNSTPPPATSPVSIKVKAEPQSPPRDLSASGHQQNSNGSTGSGGSSSSTSSNASGGAGGGGAVSAANVITHLNNVSVLAGGPSGQGGGGGGGGSNGNVEQATNLSVLSHAQQHHLGMPNSRPSSTGHITPTPGHDKYEGYPYRALMGHNPRWNLNFAGAPSSDQDVRLAAVAVQQQQQQPHQQQQLGDYDAPNHKRPRISGGWGT;57171.5583;7.34857177734;0.05;62.747962963
Q9LYR2;MLRVAGRRLFSVSQRSSTATSFVLSRDHTLSDGGNSSSASRSVPSADLSSFNSYHRSVIRGFASQVITQGNEIGFGSEVPATVEAVKTPNSKIVYDDHNHERYPPGDPSKRAFAYFVLSGGRFVYASVLRLLVLKLIVSMSASKDVLALASLEVDLGSIEPGTTVTVKWRGKPVFIRRRTEDDIKLANSVDVGSLRDPQEDSVRVKNPEWLIVVGVCTHLGCIPLPNAGDYGGWFCPCHGSHYDISGRIRKGPAPYNLEVPTYSFLEENKLLIG;29901.5291;8.85577392578;0.0839416058394;49.9594890511
Q9LYR6;MVASEIKSPVSVPETPGSSSVHHRKQLSVFFIESDNRRLALGRGYTGGTTPVNIHGKPIANLSKTGGWIAAFFIFGNEMAERMAYFGLSVNMVAFMFYVMHRPFESSSNAVNNFLGISQASSVLGGFLADAYLGRYWTIAIFTTMYLVGLIGITLGASLKMFVPDQSNCGQLSLLLGNCEEAKSWQMLYLYTVLYITGFGAAGIRPCVSSFGADQFDEKSKDYKTHLDRFFNFFYLSVTLGAIIAFTLVVYVQMELGWGMAFGTLAVAMGISNALFFAGTPLYRHRLPGGSPLTRVAQVLVAAFRKRNAAFTSSEFIGLYEVPGLKSAINGSRKIPHSNDFIWLDKAALELKEDGLEPSPWKLCTVTQVEEVKILIRLIPIPTCTIMLSLVLTEYLTLSVQQAYTLNTHIQHLKLPVTCMPVFPGLSIFLILSLYYSVFVPITRRITGNPHGASQLQRVGIGLAVSIISVAWAGLFENYRRHYAIQNGFEFNFLTQMPDLTAYWLLIQYCLIGIAEVFCIVGLLEFLYEEAPDAMKSIGSAYAALAGGLGCFAATILNNIVKAATRDSDGKSWLSQNINTGRFDCLYWLLTLLSFLNFCVFLWSAHRYKYRAIESEEDKSSAVL;69074.4855;8.35113525391;0.128205128205;36.0471474359
P40798;MAEYWQQLTNGAGEAGPGNESSAMADCNGGHESAAVGGSCNRHSNNNYVNFNQFIMQHNLGGGAPSNATSTMQHPVGSSYTNFSLGGGGGAFGLNPPVASASTSHFANVSHQSPNFYSQAMIPTYQNGDGIARVTVTSSYGSVNPSNSNFSSFYTPFGNNPFDFSASKLQASAPEFVPNFAKLSLEETPAAATTNGNSTASLETAINETRPRTLRAQEPAERGANNQCSNHNYERERERERDRDRDRERDRDRDRDRDRDRDRDRDRDSRPGNTRQQRRSDYRDDREDRYERSDRRRPQKQQRYDNHRSNKRRDDWNRNRDRINGFPRAVDDLDTSNESAHPSPEKQSQLQQISPRRGPPLPPADNEKLSQREKLVRDIEQRRLECLVCVEAIKSHQPTWSCRNCYHMLHLKCTITWASSSKSEVGWRCPACQNVLQDLPRDYLCFCGKLKNPPVSRTELAHSCGEVCCRIEGCSHACTLLCHPGPCPPCQANVVRSCGCGRSTKTMQCAMKEEVLCGEICDKLLNCGEHRCQAECHSGKCAACSEQVVQQCHCGKQERKVPCTRESQDKRTYSCKDSCGQPLPCGHHKCKDSCHAGSCRPCKLSPEQITSCPCGKMPVPAGQRSSCLDPIPTCEGICSRTLRCGKPAHPHQCGSKCHLGQCPPCPKQTGVKCRCGHMDQMIKCRQLCNRADDARCKRRCTKKRSCGKHKCNVECCIDIDHDCPLPCNRTLSCGKHKCDQPCHRGNCPPCYRSSFEELYCECGAEVIYPPVPCGTKKPICKLPCSRIHPCDHPPQHNCHSGPTCPPCMIFTTKLCHGNHELRKTIPCSQPNFSCGMACGKPLPCGGHKCIKPCHEGPCQSAGEICRQSCTKPRPTCGHKCAAACHEGACPETPCKELVEVQCECGNRKQNRSCQELAREHSRIATIQLASSMAEMSRGNYMELSEILAPAKKSNKTLDCNDECRLLERNRRLAAALSSGNSDTKQKCLTKYSEFVRGFAKKNPALTKSVYETLTDLVKLAKESKQRSRSHSFPTMNREKRQLVHELCEVFGIESVSYDKEPNRNVVATAHKDRCWFPATSIMEVLARESGQRRVPVPSNNAWGLKK;123181.9759;8.74725341797;0.0461121157324;60.0820253165
P23919;MAARRGALIVLEGVDRAGKSTQSRKLVEALCAAGHRAELLRFPERSTEIGKLLSSYLQKKSDVEDHSVHLLFSANRWEQVPLIKEKLSQGVTLVVDRYAFSGVAFTGAKENFSLDWCKQPDVGLPKPDLVLFLQLQLADAAKRGAFGHERYENGAFQERALRCFHQLMKDTTLNWKMVDASKSIEAVHEDIRVLSEDAIRTATEKPLGELWK;23819.0446;8.39642333984;0.0754716981132;34.5481132075
Q8NHX4;MKKVKKKRSEARRHRDSTSQHASSNSTSQQPSPESTPQQPSPESTPQQPSPESTPQHSSLETTSRQPAFQALPAPEIRRSSCCLLSPDANVKAAPQSRKAGPLIRAGPHSCSCATCPCSSACWRRLGLCHSRIFDVLLPRDWQMAPGRGLPNLLTFYRKSSRKPSSHRNACPPSPRNCGCGSGGSRSCLLHH;20900.4022;10.1093139648;0.03125;110.645364583
Q8NHX9;MAEPQAESEPLLGGARGGGGDWPAGLTTYRSIQVGPGAAARWDLCIDQAVVFIEDAIQYRSINHRVDASSMWLYRRYYSNVCQRTLSFTIFLILFLAFIETPSSLTSTADVRYRAAPWEPPCGLTESVEVLCLLVFAADLSVKGYLFGWAHFQKNLWLLGYLVVLVVSLVDWTVSLSLVCHEPLRIRRLLRPFFLLQNSSMMKKTLKCIRWSLPEMASVGLLLAIHLCLFTMFGMLLFAGGKQDDGQDRERLTYFQNLPESLTSLLVLLTTANNPDVMIPAYSKNRAYAIFFIVFTVIGSLFLMNLLTAIIYSQFRGYLMKSLQTSLFRRRLGTRAAFEVLSSMVGEGGAFPQAVGVKPQNLLQVLQKVQLDSSHKQAMMEKVRSYGSVLLSAEEFQKLFNELDRSVVKEHPPRPEYQSPFLQSAQFLFGHYYFDYLGNLIALANLVSICVFLVLDADVLPAERDDFILGILNCVFIVYYLLEMLLKVFALGLRGYLSYPSNVFDGLLTVVLLVLEISTLAVYRLPHPGWRPEMVGLLSLWDMTRMLNMLIVFRFLRIIPSMKLMAVVASTVLGLVQNMRAFGGILVVVYYVFAIIGINLFRGVIVALPGNSSLAPANGSAPCGSFEQLEYWANNFDDFAAALVTLWNLMVVNNWQVFLDAYRRYSGPWSKIYFVLWWLVSSVIWVNLFLALILENFLHKWDPRSHLQPLAGTPEATYQMTVELLFRDILEEPGEDELTERLSQHPHLWLCR;85241.9382;6.65301513672;0.126329787234;39.2714095745
Q9NXR8;MLYLEDYLEMIEQLPMDLRDRFTEMREMDLQVQNAMDQLEQRVSEFFMNAKKNKPEWREEQMASIKKDYYKALEDADEKVQLANQIYDLVDRHLRKLDQELAKFKMELEADNAGITEILERRSLELDTPSQPVNNHHAHSHTPVEKRKYNPTSHHTTTDHIPEKKFKSEALLSTLTSDASKENTLGCRNNNSTASSNNAYNVNSSQPLGSYNIGSLSSGTGAGAITMAAAQAVQATAQMKEGRRTSSLKASYEAFKNNDFQLGKEFSMARETVGYSSSSALMTTLTQNASSSAADSRSGRKSKNNNKSSSQQSSSSSSSSSLSSCSSSSTVVQEISQQTTVVPESDSNSQVDWTYDPNEPRYCICNQVSYGEMVGCDNQDCPIEWFHYGCVGLTEAPKGKWYCPQCTAAMKRRGSRHK;46742.1895;5.87603759766;0.066985645933;52.7385167464
Q9C0H2;MAGVSYAAPWWVSLLHRLPHFDLSWEATSSQFRPEDTDYQQALLLLGAAALACLALDLLFLLFYSFWLCCRRRKSEEHLDADCCCTAWCVIIATLVCSAGIAVGFYGNGETSDGIHRATYSLRHANRTVAGVQDRVWDTAVGLNHTAEPSLQTLERQLAGRPEPLRAVQRLQGLLETLLGYTAAIPFWRNTAVSLEVLAEQVDLYDWYRWLGYLGLLLLDVIICLLVLVGLIRSSKGILVGVCLLGVLALVISWGALGLELAVSVGSSDFCVDPDAYVTKMVEEYSVLSGDILQYYLACSPRAANPFQQKLSGSHKALVEMQDVVAELLRTVPWEQPATKDPLLRVQEVLNGTEVNLQHLTALVDCRSLHLDYVQALTGFCYDGVEGLIYLALFSFVTALMFSSIVCSVPHTWQQKRGPDEDGEEEAAPGPRQAHDSLYRVHMPSLYSCGSSYGSETSIPAAAHTVSNAPVTEYMSQNANFQNPRCENTPLIGRESPPPSYTSSMRAKYLATSQPRPDSSGSH;57544.0631;5.19317626953;0.0917782026769;44.1876099426
Q9C0H5;MSQTQDYECRSHNVDLPESRIPGSNTRLEWVEIIEPRTRERMYANLVTGECVWDPPAGVRIKRTSENQWWELFDPNTSRFYYYNASTQRTVWHRPQGCDIIPLAKLQTLKQNTESPRASAESSPGRGSSVSREGSTSSSLEPEPDTEKAQELPARAGRPAAFGTVKEDSGSSSPPGVFLEKDYEIYRDYSADGQLLHYRTSSLRWNSGAKERMLIKVADREPSFLAAQGNGYAPDGPPGVRSRRPSGSQHSPSLQTFAPEADGTIFFPERRPSPFLKRAELPGSSSPLLAQPRKPSGDSQPSSPRYGYEPPLYEEPPVEYQAPIYDEPPMDVQFEAGGGYQAGSPQRSPGRKPRPFLQPNKQGPPSPCQQLVLTKQKCPERFLSLEYSPAGKEYVRQLVYVEQAGSSPKLRAGPRHKYAPNPGGGSYSLQPSPCLLRDQRLGVKSGDYSTMEGPELRHSQPPTPLPQAQEDAMSWSSQQDTLSSTGYSPGTRKRKSRKPSLCQATSATPTEGPGDLLVEQPLAEEQPPCGTSLAPVKRAEGEAEGARGAAEPFLAQARLAWEAQQAHFHMKQRSSWDSQQDGSGYESDGALPLPMPGPVVRAFSEDEALAQQENRHWRRGTFEKLGFPQILLEKSVSVQTNLASPEPYLHPSQSEDLAACAQFESSRQSRSGVPSSSCVFPTFTLRKPSSETDIENWASKHFNKHTQGLFRRKVSIANMLAWSSESIKKPMIVTSDRHVKKEACELFKLIQMYMGDRRAKADPLHVALEVATKGWSVQGLRDELYIQLCRQTTENFRLESLARGWELMAICLAFFPPTPKFHSYLEGYIYRHMDPVNDTKGVAISTYAKYCYHKLQKAALTGAKKGLKKPNVEEIRHAKNAVFSPSMFGSALQEVMGMQRERYPERQLPWVQTRLSEEVLALNGDQTEGIFRVPGDIDEVNALKLQVDQWKVPTGLEDPHVPASLLKLWYRELEEPLIPHEFYEQCIAHYDSPEAAVAVVHALPRINRMVLCYLIRFLQVFVQPANVAVTKMDVSNLAMVMAPNCLRCQSDDPRVIFENTRKEMSFLRVLIQHLDTSFMEGVL;121284.4051;7.29949951172;0.084025854109;64.1201477378
Q9C0H6;MSVSGKKEFDVKQILRLRWRWFSHPFQGSTNTGSCLQQEGYEHRGTPVQGRLKSHSRDRNGLKKSNSPVHHNILAPVPGPAPAHQRAVQNLQQHNLIVHFQANEDTPKSVPEKNLFKEACEKRAQDLEMMADDNIEDSTARLDTQHSEDMNATRSEEQFHVINHAEQTLRKMENYLKEKQLCDVLLIAGHLRIPAHRLVLSAVSDYFAAMFTNDVLEAKQEEVRMEGVDPNALNSLVQYAYTGVLQLKEDTIESLLAAACLLQLTQVIDVCSNFLIKQLHPSNCLGIRSFGDAQGCTELLNVAHKYTMEHFIEVIKNQEFLLLPANEISKLLCSDDINVPDEETIFHALMQWVGHDVQNRQGELGMLLSYIRLPLLPPQLLADLETSSMFTGDLECQKLLMEAMKYHLLPERRSMMQSPRTKPRKSTVGALYAVGGMDAMKGTTTIEKYDLRTNSWLHIGTMNGRRLQFGVAVIDNKLYVVGGRDGLKTLNTVECFNPVGKIWTVMPPMSTHRHGLGVATLEGPMYAVGGHDGWSYLNTVERWDPEGRQWNYVASMSTPRSTVGVVALNNKLYAIGGRDGSSCLKSMEYFDPHTNKWSLCAPMSKRRGGVGVATYNGFLYVVGGHDAPASNHCSRLSDCVERYDPKGDSWSTVAPLSVPRDAVAVCPLGDKLYVVGGYDGHTYLNTVESYDAQRNEWKEEVPVNIGRAGACVVVVKLP;80244.57;6.38897705078;0.0724233983287;51.7986072423
Q9C0H9;MRGAWVHLHSGAASSLRPCRCGAGAAPKSSPRSPGGRRGDGSSDSEGGVSFAGVLFLQFGEETRRVHITHEVSSLDTLHALIAHMFPQKLTMGMLKSPNTAILIKDEARNVFYELEDVRDIQDRSIIKIYRKEPLYAAFPGSHLTNGDLRREMVYASRESSPTRRLNNLSPAPHLASGSPPPGLPSGLPSGLQSGSPSRSRLSYAGGRPPSYAGSPVHHAAERLGGAPAAQGVSPSPSAILERRDVKPDEDLASKAGGMVLVKGEGLYADPYGLLHEGRLSLAAAAGDPFAYPGAGGLYKRGSVRSLSTYSAAALQSDLEDSLYKAAGGGGPLYGDGYGFRLPPSSPQKLADVAAPPGGPPPPHSPYSGPPSRGSPVRQSFRKDSGSSSVFAESPGGKTRSAGSASTAGAPPSELFPGPGERSLVGFGPPVPAKDTETRERMEAMEKQIASLTGLVQSALLRGSEPETPSEKIEGSNGAATPSAPCGSGGRSSGATPVSGPPPPSASSTPAGQPTAVSRLQMQLHLRGLQNSASDLRGQLQQLRKLQLQNQESVRALLKRTEAELSMRVSEAARRQEDPLQRQRTLVEEERLRYLNDEELITQQLNDLEKSVEKIQRDVSHNHRLVPGPELEEKALVLKQLGETLTELKAHFPGLQSKMRVVLRVEVEAVKFLKEEPQRLDGLLKRCRGVTDTLAQIRRQVDEGVWPPPNNLLSQSPKKVTAETDFNKSVDFEMPPPSPPLNLHELSGPAEGASLTPKGGNPTKGLDTPGKRSVDKAVSVEAAERDWEEKRAALTQYSAKDINRLLEETQAELLKAIPDLDCASKAHPGPAPTPDHKPPKAPHGQKAAPRTEPSGRRGSDELTVPRYRTEKPSKSPPPPPPRRSFPSSHGLTTTRTGEVVVTSKKDSAFIKKAESEELEVQKPQVKLRRAVSEVARPASTPPIMASAIKDEDDEDRIIAELESGGGSVPPMKVVTPGASRLKAAQGQAGSPDKSKHGKQRAEYMRIQAQQQATKPSKEMSGSNETSSPVSEKPSASRTSIPVLTSFGARNSSISF;112452.1161;9.31964111328;0.0398104265403;63.491478673
Q9NXR1;MEDSGKTFSSEEEEANYWKDLAMTYKQRAENTQEELREFQEGSREYEAELETQLQQIETRNRDLLSENNRLRMELETIKEKFEVQHSEGYRQISALEDDLAQTKAIKDQLQKYIRELEQANDDLERAKRATIMSLEDFEQRLNQAIERNAFLESELDEKENLLESVQRLKDEARDLRQELAVQQKQEKPRTPMPSSVEAERTDTAVQATGSVPSTPIAHRGPSSSLNTPGSFRRGLDDSTGGTPLTPAARISALNIVGDLLRKVGALESKLASCRNLVYDQSPNRTGGPASGRSSKNRDGGERRPSSTSVPLGDKGLGKRLEFGKPPSHMSSSPLPSAQGVVKMLL;38807.6089;5.20159912109;0.0404624277457;56.9945086705
Q07960;MDPLSELQDDLTLDDTSEALNQLKLASIDEKNWPSDEMPDFPKSDDSKSSSPELVTHLKWDDPYYDIARHQIVEVAGDDKYGRKIIVFSACRMPPSHQLDHSKLLGYLKHTLDQYVESDYTLLYLHHGLTSDNKPSLSWLRDAYREFDRKYKKNIKALYIVHPTMFIKTLLILFKPLISFKFGQKIFYVNYLSELSEHVKLEQLGIPRQVLKYDDFLKSTQKSPATAPKPMPPRPPLPNQQFGVSLQHLQEKNPEQEPIPIVLRETVAYLQAHALTTEGIFRRSANTQVVREVQQKYNMGLPVDFDQYNELHLPAVILKTFLRELPEPLLTFDLYPHVVGFLNIDESQRVPATLQVLQTLPEENYQVLRFLTAFLVQISAHSDQNKMTNTNLAVVFGPNLLWAKDAAITLKAINPINTFTKFLLDHQGELFPSPDPSGL;50435.1015;5.84588623047;0.0979498861048;42.5469476082
Q9NXR5;MSAAGAGAGVEAGFSSEELLSLRFPLHRACRDGDLATLCSLLQQTPHAHLASEDSFYGWTPVHWAAHFGKLECLVQLVRAGATLNVSTTRYAQTPAHIAAFGGHPQCLVWLIQAGANINKPDCEGETPIHKAARSGSLECISALVANGAHVDLRNASGLTAADIAQTQGFQECAQFLLNLQNCHLNHFYNNGILNGGHQNVFPNHISVGTNRKRCLEDSEDFGVKKARTEAQSLDSAVPLTNGDTEDDADKMHVDREFAVVTDMKNSSSVSNTLTNGCVINGHLDFPSTTPLSGMESRNGQCLTGTNGISSGLAPGQPFPSSQGSLCISGTEEPEKTLRANPELCGSLHLNGSPSSCIASRPSWVEDIGDNLYYGHYHGFGDTAESIPELNSVVEHSKSVKVQERYDSAVLGTMHLHHGS;44767.1986;5.57550048828;0.0595238095238;47.4836190476
Q9NXR7;MSPEVALNRISPMLSPFISSVVRNGKVGLDATNCLRITDLKSGCTSLTPGPNCDRFKLHIPYAGETLKWDIIFNAQYPELPPDFIFGEDAEFLPDPSALQNLASWNPSNPECLLLVVKELVQQYHQFQCSRLRESSRLMFEYQTLLEEPQYGENMEIYAGKKNNWTGEFSARFLLKLPVDFSNIPTYLLKDVNEDPGEDVALLSVSFEDTEATQVYPKLYLSPRIEHALGGSSALHIPAFPGGGCLIDYVPQVCHLLTNKVQYVIQGYHKRREYIAAFLSHFGTGVVEYDAEGFTKLTLLLMWKDFCFLVHIDLPLFFPRDQPTLTFQSVYHFTNSGQLYSQAQKNYPYSPRWDGNEMAKRAKAYFKTFVPQFQEAAFANGKL;43551.1651;5.53387451172;0.130548302872;46.5592689295
Q96J66;MTRKRTYWVPNSSGGLVNRGIDIGDDMVSGLIYKTYTLQDGPWSQQERNPEAPGRAAVPPWGKYDAALRTMIPFRPKPRFPAPQPLDNAGLFSYLTVSWLTPLMIQSLRSRLDENTIPPLSVHDASDKNVQRLHRLWEEEVSRRGIEKASVLLVMLRFQRTRLIFDALLGICFCIASVLGPILIIPKILEYSEEQLGNVVHGVGLCFALFLSECVKSLSFSSSWIINQRTAIRFRAAVSSFAFEKLIQFKSVIHITSGEAISFFTGDVNYLFEGVCYGPLVLITCASLVICSISSYFIIGYTAFIAILCYLLVFPLAVFMTRMAVKAQHHTSEVSDQRIRVTSEVLTCIKLIKMYTWEKPFAKIIEDLRRKERKLLEKCGLVQSLTSITLFIIPTVATAVWVLIHTSLKLKLTASMAFSMLASLNLLRLSVFFVPIAVKGLTNSKSAVMRFKKFFLQESPVFYVQTLQDPSKALVFEEATLSWQQTCPGIVNGALELERNGHASEGMTRPRDALGPEEEGNSLGPELHKINLVVSKGMMLGVCGNTGSGKSSLLSAILEEMHLLEGSVGVQGSLAYVPQQAWIVSGNIRENILMGGAYDKARYLQVLHCCSLNRDLELLPFGDMTEIGERGLNLSGGQKQRISLARAVYSDRQIYLLDDPLSAVDAHVGKHIFEECIKKTLRGKTVVLVTHQLQYLEFCGQIILLENGKICENGTHSELMQKKGKYAQLIQKMHKEATSDMLQDTAKIAEKPKVESQALATSLEESLNGNAVPEHQLTQEEEMEEGSLSWRVYHHYIQAAGGYMVSCIIFFFVVLIVFLTIFSFWWLSYWLEQGSGTNSSRESNGTMADLGNIADNPQLSFYQLVYGLNALLLICVGVCSSGIFTKVTRKASTALHNKLFNKVFRCPMSFFDTIPIGRLLNCFAGDLEQLDQLLPIFSEQFLVLSLMVIAVLLIVSVLSPYILLMGAIIMVICFIYYMMFKKAIGVFKRLENYSRSPLFSHILNSLQGLSSIHVYGKTEDFISQFKRLTDAQNNYLLLFLSSTRWMALRLEIMTNLVTLAVALFVAFGISSTPYSFKVMAVNIVLQLASSFQATARIGLETEAQFTAVERILQYMKMCVSEAPLHMEGTSCPQGWPQHGEIIFQDYHMKYRDNTPTVLHGINLTIRGHEVVGIVGRTGSGKSSLGMALFRLVEPMAGRILIDGVDICSIGLEDLRSKLSVIPQDPVLLSGTIRFNLDPFDRHTDQQIWDALERTFLTKAISKFPKKLHTDVVENGGNFSVGERQLLCIARAVLRNSKIILIDEATASIDMETDTLIQRTIREAFQGCTVLVIAHRVTTVLNCDHILVMGNGKVVEFDRPEVLRKKPGSLFAALMATATSSLR;154299.3643;8.39105224609;0.089001447178;37.7432850941
Q96J65;MVGEGPYLISDLDQRGRRRSFAERYDPSLKTMIPVRPCARLAPNPVDDAGLLSFATFSWLTPVMVKGYRQRLTVDTLPPLSTYDSSDTNAKRFRVLWDEEVARVGPEKASLSHVVWKFQRTRVLMDIVANILCIIMAAIGPVILIHQILQQTERTSGKVWVGIGLCIALFATEFTKVFFWALAWAINYRTAIRLKVALSTLVFENLVSFKTLTHISVGEVLNILSSDSYSLFEAALFCPLPATIPILMVFCAAYAFFILGPTALIGISVYVIFIPVQMFMAKLNSAFRRSAILVTDKRVQTMNEFLTCIRLIKMYAWEKSFTNTIQDIRRRERKLLEKAGFVQSGNSALAPIVSTIAIVLTLSCHILLRRKLTAPVAFSVIAMFNVMKFSIAILPFSIKAMAEANVSLRRMKKILIDKSPPSYITQPEDPDTVLLLANATLTWEHEASRKSTPKKLQNQKRHLCKKQRSEAYSERSPPAKGATGPEEQSDSLKSVLHSISFVVRKGKILGICGNVGSGKSSLLAALLGQMQLQKGVVAVNGTLAYVSQQAWIFHGNVRENILFGEKYDHQRYQHTVRVCGLQKDLSNLPYGDLTEIGERGLNLSGGQRQRISLARAVYSDRQLYLLDDPLSAVDAHVGKHVFEECIKKTLRGKTVVLVTHQLQFLESCDEVILLEDGEICEKGTHKELMEERGRYAKLIHNLRGLQFKDPEHLYNAAMVEAFKESPAEREEDAGIIVLAPGNEKDEGKESETGSEFVDTKVPEHQLIQTESPQEGTVTWKTYHTYIKASGGYLLSLFTVFLFLLMIGSAAFSNWWLGLWLDKGSRMTCGPQGNRTMCEVGAVLADIGQHVYQWVYTASMVFMLVFGVTKGFVFTKTTLMASSSLHDTVFDKILKSPMSFFDTTPTGRLMNRFSKDMDELDVRLPFHAENFLQQFFMVVFILVILAAVFPAVLLVVASLAVGFFILLRIFHRGVQELKKVENVSRSPWFTHITSSMQGLGIIHAYGKKESCITYHLLYFNCALRWFALRMDVLMNILTFTVALLVTLSFSSISTSSKGLSLSYIIQLSGLLQVCVRTGTETQAKFTSVELLREYISTCVPECTHPLKVGTCPKDWPSRGEITFRDYQMRYRDNTPLVLDSLNLNIQSGQTVGIVGRTGSGKSSLGMALFRLVEPASGTIFIDEVDICILSLEDLRTKLTVIPQDPVLFVGTVRYNLDPFESHTDEMLWQVLERTFMRDTIMKLPEKLQAEVTENGENFSVGERQLLCVARALLRNSKIILLDEATASMDSKTDTLVQNTIKDAFKGCTVLTIAHRLNTVLNCDHVLVMENGKVIEFDKPEVLAEKPDSAFAMLLAAEVRL;152295.6585;8.64129638672;0.0890360559235;37.2919793966
Q56YT0;MESFRRFSLLSFIALLAYFAFLASAEHHVHQFVITPTPVKRLCRTHQSITVNGQYPGPTLVVRNGDSLAITVINRARYNISIHWHGIRQLRNPWADGPEYITQCPIRPGQTYTYRFKIEDQEGTLWWHAHSRWLRATVYGALIIYPRLGSPYPFSMPKRDIPILLGEWWDRNPMDVLKQAQFTGAAANVSDAYTINGQPGDLYRCSRAGTIRFPIFPGETVQLRVINAGMNQELFFSVANHQFTVVETDSAYTKPFTTNVIMIGPGQTTNVLLTANQRPGRYYMAARAYNSANAPFDNTTTTAILQYVNAPTRRGRGRGQIAPVFPVLPGFNDTATATAFTNRLRYWKRAPVPQQVDENLFFTVGLGLINCANPNSPRCQGPNGTRFAASMNNMSFVLPRSNSVMQAYYQGTPGIFTTDFPPVPPVQFDYTGNVSRGLWQPIKGTKAYKLKYKSNVQIVLQDTSIVTPENHPMHLHGYQFYVVGSGFGNFNPRTDPARFNLFDPPERNTIGTPPGGWVAIRFVADNPGAWFMHCHIDSHLGWGLAMVFLVENGRGQLQSVQAPPLDLPRC;64026.1884;9.66497802734;0.122807017544;36.8589649123
Q680N1;MGTNKIPKTLNGNLVLILIITIMMVTHSHGFQLEIRNELSGRYRKLVYKCWSRDNDFGWRQNWPGQYKDWSFAISLFHTYFYCHFRTAYGRVDKQLVASWELKQECGDRRKCTWVVKKDGLYLRQWKTKFFSNKYGNERWNVYIEHDVLKKSWS;18687.3239;9.74334716797;0.168831168831;30.1572077922
Q9NQ75;MKGTGIMDCAPKALLARALYDNCPDCSDELAFSRGDILTILEQHVPESEGWWKCLLHGRQGLAPANRLQILTEVAADRPCPPFLRGLEEAPASSEETYQVPTLPRPPTPGPVYEQMRSWAEGPQPPTAQVYEFPDPPTSARIICEKTLSFPKQAILTLPRPVRASLPTLPSQVYDVPTQHRGPVVLKEPEKQQLYDIPASPKKAGLHPPDSQASGQGVPLISVTTLRRGGYSTLPNPQKSEWIYDTPVSPGKASVRNTPLTSFAEESRPHALPSSSSTFYNPPSGRSRSLTPQLNNNVPMQKKLSLPEIPSYGFLVPRGTFPLDEDVSYKVPSSFLIPRVEQQNTKPNIYDIPKATSSVSQAGKELEKAKEVSENSAGHNSSWFSRRTTSPSPEPDRLSGSSSDSRASIVSSCSTTSTDDSSSSSSEESAKELSLDLDVAKETVMALQHKVVSSVAGLMLFVSRKWRFRDYLEANIDAIHRSTDHIEESVREFLDFARGVHGTACNLTDSNLQNRIRDQMQTISNSYRILLETKESLDNRNWPLEVLVTDSVQNSPDDLERFVMVARMLPEDIKRFASIVIANGRLLFKRNCEKEETVQLTPNAEFKCEKYIQPPQRETESHQKSTPSTKQREDEHSSELLKKNRANICGQNPGPLIPQPSSQQTPERKPRLSEHCRLYFGALFKAISAFHGSLSSSQPAEIITQSKLVIMVGQKLVDTLCMETQERDVRNEILRGSSHLCSLLKDVALATKNAVLTYPSPAALGHLQAEAEKLEQHTRQFRGTLG;87143.3409;6.65679931641;0.058524173028;57.7010305344
P40421;MDENAIRAAIFIQKWYRRHQARREMQRRCNWQIFQNLEYASEQDQAELYKFFNDLIKHMPQAAGRKNQYQGSAHVSVLDDKDDLVEEFGDIVNAKIELPIRKNHIDLLIDVFRKKRGNRLHPKYVALILREAAKSLKQLPNISPVSTAVSQQVTVCGDLHGKLDDLLVVLHKNGLPSSSNPYVFNGDFVDRGKRGLEVLLLLLSLYLAFPNAVFLNRGNHEDSVMNARYGFIREVESKYPRNHKRILAFIDEVYRWLPLGSVLNSRVLIVHGGFSDSTSLDLIKSIDRGKYVSILRPPLTDGEPLDKTEWQQIFDIMWSDPQATMGCVPNTLRGAGVWFGPDVTDNFLQRHRLSYVIRSHECKPNGHEFMHDNKIITIFSASNYYAIGSNKGAYIRLNNQLMPHFVQYISAASQTKRLSFKQRMGIVESSALKELAVRMRDHRDELEDEFRKYDPKDSGYISISHWCKVMENVTKLGLPWRLLRDKLAPGTDSQKVNYNRTLDLLDTDVILEAEADGMSVMDALYANKASLVAIFNIIDADNSGEITLDEFETAIDLLVAHMPGAYSKAEMLEKCRMMDLNGDGKVDLNEFLEAFRLSDLHRKEQQDENIRRRSTGRPSVAKTATDPVTLLADKISKNTLVVEHDIDPTDCESKVIDPKKS;75510.2724;6.71710205078;0.0816944024206;35.8400907716
P40423;MSSRKTAGRRATTKKRAQRATSNVFAMFDQAQIAEFKEAFNMIDQNRDGFVEKEDLHDMLASLGKNPTDDYLDGMMNEAPGPINFTMFLTLFGERLQGTDPEDVIKNAFGCFDEENMGVLPEDRLRELLTTMGDRFTDEDVDEMYREAPIKNGLFDYLEFTRILKHGAKDKDEQ;19954.1652;4.64898681641;0.0919540229885;30.0798850575
P40424;MDEQPRLMHSHAGVGMAGHPGLSQHLQDGAGGTEGEGGRKQDIGDILQQIMTITDQSLDEAQARKHALNCHRMKPALFNVLCEIKEKTVLSIRGAQEEEPTDPQLMRLDNMLLAEGVAGPEKGGGSAAAAAAAAASGGAGSDNSVEHSDYRAKLSQIRQIYHTELEKYEQACNEFTTHVMNLLREQSRTRPISPKEIERMVSIIHRKFSSIQMQLKQSTCEAVMILRSRFLDARRKRRNFNKQATEILNEYFYSHLSNPYPSEEAKEELAKKCGITVSQVSNWFGNKRIRYKKNIGKFQEEANIYAAKTAVTATNVSAHGSQANSPSTPNSAGSSSSFNMSNSGDLFMSVQSLNGDSYQGAQVGANVQSQVDTLRHVISQTGGYSDGLAASQMYSPQGISANGGWQDATTPSSVTSPTEGPGSVHSDTSN;46625.3074;6.54412841797;0.053488372093;58.558627907
P40425;MDERLLGPPPPGGGRGGLGLVSGEPGGPGEPPGGGDPGGGSGGVPGGRGKQDIGDILQQIMTITDQSLDEAQAKKHALNCHRMKPALFSVLCEIKEKTGLSIRSSQEEEPVDPQLMRLDNMLLAEGVAGPEKGGGSAAAAAAAAASGGGVSPDNSIEHSDYRSKLAQIRHIYHSELEKYEQACNEFTTHVMNLLREQSRTRPVAPKEMERMVSIIHRKFSAIQMQLKQSTCEAVMILRSRFLDARRKRRNFSKQATEVLNEYFYSHLSNPYPSEEAKEELAKKCGITVSQVSNWFGNKRIRYKKNIGKFQEEANIYAVKTAVSVTQGGHSRTSSPTPPSSAGSGGSFNLSGSGDMFLGMPGLNGDSYSASQVESLRHSMGPGGYGDNLGGGQMYSPREMRANGSWQEAVTPSSVTSPTEGPGSVHSDTSN;45880.7937;7.17864990234;0.053488372093;60.5616511628
P40426;MDDQSRMLQTLAGVNLAGHSVQGGMALPPPPHGHEGADGDGRKQDIGDILHQIMTITDQSLDEAQAKKHALNCHRMKPALFSVLCEIKEKTGLSIRGAQEEDPPDPQLMRLDNMLLAEGVSGPEKGGGSAAAAAAAAASGGSSDNSIEHSDYRAKLTQIRQIYHTELEKYEQACNEFTTHVMNLLREQSRTRPISPKEIERMVGIIHRKFSSIQMQLKQSTCEAVMILRSRFLDARRKRRNFSKQATEILNEYFYSHLSNPYPSEEAKEELAKKCSITVSQVSNWFGNKRIRYKKNIGKFQEEANLYAAKTAVTAAHAVAAAVQNNQTNSPTTPNSGSSGSFNLPNSGDMFMNMQSLNGDSYQGSQVGANVQSQVDTLRHVINQTGGYSDGLGGNSLYSPHNLNANGGWQDATTPSSVTSPTEGPGSVHSDTSN;47188.9983;6.57330322266;0.0529953917051;51.2527880184
P40427;MEDPNRMLAHTGGMMAPQGYGLSGQDDGQNAGSENEVRKQKDIGEILQQIMSISEQSLDEAQARKHTLNCHRMKPALFSVLCEIKEKTVLSIRNTQEEEPPDPQLMRLDNMLIAEGVAGPEKGGGGAAAASAAAASQGGSLSIDGADNAIEHSDYRAKLAQIRQIYHQELEKYEQACNEFTTHVMNLLREQSRTRPITPKEIERMVQIIHKKFSSIQMQLKQSTCEAVMILRSRFLDARRKRRNFSKQASEILNEYFYSHLSNPYPSEEAKEELARKCGITVSQVSNWFGNKRIRYKKNIGKAQEEANLYAAKKAAGASPYSMAGPPSGTTTPMMSPAPPQDSMGYPMGSGGYDQQQPYDNSMGGYDPNLHQDLSP;41691.5097;6.52947998047;0.0585106382979;63.7646542553
Q9FI83;MINSSKINLYSYVCSIFIMSIVVISLICSEALQIQQAKEPFRGHLTRVTIQNYNDYLLAIHCKSRDDDLGFHILAKGELFGWKFHVNFRYSTLCFCGFSQRQINKGVFIIYVASRDFYRCANCTWKAEKDGFHGYGDIPTRGYLFYNWLN;17512.0125;8.83819580078;0.166666666667;29.3061333333
P40429;MAEVQVLVLDGRGHLLGRLAAIVAKQVLLGRKVVVVRCEGINISGNFYRNKLKYLAFLRKRMNTNPSRGPYHFRAPSRIFWRTVRGMLPHKTKRGQAALDRLKVFDGIPPPYDKKKRMVVPAALKVVRLKPTRKFAYLGRLAHEVGWKYQAVTATLEEKRKEKAKIHYRKKKQLMRLRKQAEKNVEKKIDKYTEVLKTHGLLV;23576.947;10.9362182617;0.0788177339901;29.706453202
Q6R0A6;MGKGRAPCCDKTKVKRGPWSPEEDIKLISFIQKFGHENWRSLPKQSGLLRCGKSCRLRWINYLRPDLKRGNFTSEEEETIIKLHHNYGNKWSKIASQLPGRTDNEIKNVWHTHLKKRLAQSSGTADEPASPCSSDSVSRGKDDKSSHVEDSLNRETNHRNELSTSMSSGGSNQQDDPKIDELRFEYIEEAYSEFNDIIIQEVDKPDLLEIPFDSDPDIWSFLDTSNSFQQSTANENSSGSRATTEEESDEDEVKKWFKHLESELGLEEDDNQQQYKEEESSSSSLLKNYELMIH;33779.6007;5.03875732422;0.0748299319728;61.3897959184
Q9H2I8;MEKYLSLSGNHSSNKRSLEGLSAFRSLEELILDNNQLGDDLVLPGLPRLHTLTLNKNRITDLENLLDHLAEVTPALEYLSLLGNVACPNELVSLEKDEEDYKRYRCFVLYKLPNLKFLDAQKVTRQEREEALVRGVFMKVVKPKASSEDVASSPERHYTPLPSASRELTSHQGVLGKCRYVYYGKNSEGNRFIRDDQL;22567.3595;6.23358154297;0.0707070707071;41.9843434343
Q8L7S9;MAISLATAYISPCFTPESSNSASPSRTLSSVRLPSQIRRFGSVQSPSSSTRFAPLTVRAAKKQTFNSFDDLLQNSDKPVLVDFYATWCGPCQLMVPILNEVSETLKDIIAVVKIDTEKYPSLANKYQIEALPTFILFKDGKLWDRFEGALPANQLVERIENSLQVKQ;18592.0951;8.44512939453;0.0898203592814;61.5988622754
Q8L7S8;MASTVGVPSLYQVPHLEISKPNSKKRSNCLSLSLDKPFFTPLSLVRRTRRIHSSSLLVPSAVATPNSVLSEEAFKSLGLSDHDEYDLDGDNNNVEADDGEELAISKLSLPQRLEESLEKRGITHLFPIQRAVLVPALQGRDIIARAKTGTGKTLAFGIPIIKRLTEEAGDYTAFRRSGRLPKFLVLAPTRELAKQVEKEIKESAPYLSTVCVYGGVSYTIQQSALTRGVDVVVGTPGRIIDLIEGRSLKLGEVEYLVLDEADQMLAVGFEEAVESILENLPTKRQSMLFSATMPTWVKKLARKYLDNPLNIDLVGDQDEKLAEGIKLYAIATTSTSKRTILSDLITVYAKGGKTIVFTQTKRDADEVSLALSNSIATEALHGDISQHQRERTLNAFRQGKFTVLVATDVASRGLDIPNVDLVIHYELPNDPETFVHRSGRTGRAGKEGSAILMHTSSQKRTVRSLERDVGCHFEFISPPTVGDLLESSADQVVATLNGVHPDSIKFFSATAQKLYEEKGTDALAAALAHLSGFSQPPSSRSLLSHEKGWVTLQLIRDPTNARGFLSARSVTGFLSDLYRTAADEVGKIFLIADDRIQGAVFDLPEEIAKELLEKDVPEGNSLSMITKLPPLQDDGPSSDNYGRFSSRDRMPRGGGGSRGSRGGRGGSSRGRDSWGGDDDRGSRRSSGGGSSWSRGGSSSRGSSDDWLIGGRSSSSSRAPSRERSFGGSCFICGKSGHRATDCPDKRGF;81155.4022;7.66204833984;0.0601604278075;46.7002673797
P08842;MPLRKMKIPFLLLFFLWEAESHAASRPNIILVMADDLGIGDPGCYGNKTIRTPNIDRLASGGVKLTQHLAASPLCTPSRAAFMTGRYPVRSGMASWSRTGVFLFTASSGGLPTDEITFAKLLKDQGYSTALIGKWHLGMSCHSKTDFCHHPLHHGFNYFYGISLTNLRDCKPGEGSVFTTGFKRLVFLPLQIVGVTLLTLAALNCLGLLHVPLGVFFSLLFLAALILTLFLGFLHYFRPLNCFMMRNYEIIQQPMSYDNLTQRLTVEAAQFIQRNTETPFLLVLSYLHVHTALFSSKDFAGKSQHGVYGDAVEEMDWSVGQILNLLDELRLANDTLIYFTSDQGAHVEEVSSKGEIHGGSNGIYKGGKANNWEGGIRVPGILRWPRVIQAGQKIDEPTSNMDIFPTVAKLAGAPLPEDRIIDGRDLMPLLEGKSQRSDHEFLFHYCNAYLNAVRWHPQNSTSIWKAFFFTPNFNPVGSNGCFATHVCFCFGSYVTHHDPPLLFDISKDPRERNPLTPASEPRFYEILKVMQEAADRHTQTLPEVPDQFSWNNFLWKPWLQLCCPSTGLSCQCDREKQDKRLSR;65491.5584;7.60223388672;0.11320754717;40.4823670669
P03891;MNPLAQPVIYSTIFAGTLITALSSHWFFTWVGLEMNMLAFIPVLTKKMNPRSTEAAIKYFLTQATASMILLMAILFNNMLSGQWTMTNTTNQYSSLMIMMAMAMKLGMAPFHFWVPEVTQGTPLTSGLLLLTWQKLAPISIMYQISPSLNVSLLLTLSILSIMAGSWGGLNQTQLRKILAYSSITHMGWMMAVLPYNPNMTILNLTIYIILTTTAFLLLNLNSSTTTLLLSRTWNKLTWLTPLIPSTLLSLGGLPPLTGFLPKWAIIEEFTKNNSLIIPTIMATITLLNLYFYLRLIYSTSITLLPMSNNVKMKWQFEHTKPTPFLPTLIALTTLLLPISPFMLMIL;38960.4854;9.83819580078;0.103746397695;34.3455619597
Q5VUR7;MKLFGFGSRRGQTAQGSIDHVYTGSGYRIRDSELQKIHRAAVKGDAAEVERCLARRSGDLDALDKQHRTALHLACASGHVQVVTLLVNRKCQIDVCDKENRTPLIQAVHCQEEACAVILLEHGANPNLKDIYGNTALHYAVYSESTSLAEKLLSHGAHIEALDKDNNTPLLFAIICKKEKMVEFLLKRKASSHAVDRLRRSALMLAVYYDSPGIVNILLKQNIDVFAQDMCGRDAEDYAISHHLTKIQQQILEHKKKILKKEKSDVGSSDESAVSIFHELRVDSLPASDDKDLNVATKQCVPEKVSEPLPGSSHEKGNRIVNGQGEGPPAKHPSLKPSTEVEDPAVKGAVQRKNVQTLRAEQALPVASEEEQERHERSEKKQPQVKEGNNTNKSEKIQLSENICDSTSSAAAGRLTQQRKIGKTYPQQFPKKLKEEHDRCTLKQENEEKTNVNMLYKKNREELERKEKQYKKEVEAKQLEPTVQSLEMKSKTARNTPNRDFHNHEEMKGLMDENCILKADIAILRQEICTMKNDNLEKENKYLKDIKIVKETNAALEKYIKLNEEMITETAFRYQQELNYLKAENTRLNAELLKEKESKKRLEADIESYQSRLAAAISKHSESVKTERNLKLALERTRDVSVQVEMSSAISKVKDENEFLTEQLSETQIKFNALKDKFRKTRDSLRKKSLALETVQNDLSQTQQQTQEMKEMYQNAEAKVNNSTGKWNCVEERICHLQRENAWLVQQLDDVHQKEDHKEIVTNIQRGFIESGKKDLVLEEKSKKLMNECDHLKESLFQYEREKTEGVVSIKEDKYFQTSRKTI;94106.5647;8.11566162109;0.0437424058323;44.5869987849
P08841;MREIVNLQAGQCGNQIGAKFWEIISEEHGIDSNGIYVGDSDLQLERVSVYYNEASAVTRSSGGKYVPRAILLDLEPGTMESVRSGPYGQLFRPDNFVYGQSGAGNNWAKGHYTEGAELVDNVLDVVRKECENCDCLQGFQLTHSLGGGTGSGMGTLLISKIREEYPDRIMNTYSVVPSPKVSDTVVEPYNATLSIHQLVENTDETYCIDNEALYDICFRTLKVSNPSYGDLNHLVSLTMSGVTTCLRFPGQLNADLRKLAVNMVPFPRLHFFMPGFAPLTSRGSQQYRALTVPELTQQMFDAKNMMAACDPRHGRYLTVAAVFRGRMSMKEVDEQMLAVQNKNSSYFVEWIPNNVKTAVCDIPPKGLKMSSTFIGNTTAIQELFKRISEQFSAMFRRKAFLHWYTGEGMDEMEFTEAESNMNDLVSEYQQYQEATADDEFDPEVNQEEVEGDCI;50848.6765;4.77886962891;0.0947136563877;37.4557268722
Q9VE87;MSGAGEHSDEESYGEESFEEDSESEVEVEEEEIEYIEPEESKPSDALLLGESDTQSESDVKEEFLSGNPHARRYLGARVVSYLSSSSDDESQVVITKTVAEVNQLSLRVDTPPEDETPSVRTLMPGSAHSRVKDEDEAEDEDDDEGDGENDNDNEDENDDEDAEVEEIEEEEEEIPGDEDDAQSDGSMGRQSADDSDEEEGTDVEVEQLEEDEPIVTAVCKKTVQKELPPPQKDIVSLVDASDNSSEHSVVTMCASGDETDNTLVKYPRLRKQQPLTAKDSQSLKEQEEPEEPEQPEENQTEEHMPTSQPDLARVRYLEQQMTQMSELIMKSFQINGGAPNSQAFEQLAMATEMLQQRSDRRGDTESEMSSMTETTMTSARSLGGGIPPLTMRMERSQEALLTTRSSKLPRPKCRCPSESDLIEHEQKLDMGHELPHDLAANFGLGEGYLVDECGQGDGLMRHPQQRKPMELNRRAVSGTPSTFNSDGCEYQINVSRSRCSNDKINYKNLGRKSFSFTNPQVREIERQNQILLRKMMTVKPTATIKASTSSIKINGPEKRQTPPAPRLSSAAVNRKKNQRQIDLDNDLLKRKLEAIGTRRPQFK;67633.906;4.40435791016;0.0298013245033;66.4783112583
